RUT,Nombre,Apellido_Paterno,Apellido_Materno,Edad,Sueldo
17.432.109-k,Javiera,Alarcón,Soto,29,850000.0
15.822.341-5,Roberto,Muñoz,Vera,42,1200000.0
19.110.457-8,Camila,Rojas,Espinoza,24,650000.0
12.654.332-1,Marcos,Valenzuela,Pérez,55,2100000.0
18.234.990-4,Elena,Castro,Silva,31,980000.0
16.778.223-9,Diego,Herrera,Martínez,38,1150000.0
20.443.112-0,Sofía,Morales,Pardo,22,520000.0
14.556.789-2,Andrés,Tapia,González,48,
13.221.445-6,Patricia,Lagos,Vidal,51,1900000.0
17.990.123-k,Felipe,Saavedra,Méndez,28,890000.0
19.887.654-3,Nicolás,Fuentes,Torres,23,600000.0
18.556.110-2,Valentina,Núñez,Rivas,30,1050000.0
16.332.998-5,Gonzalo,Paredes,Jara,36,1100000.0
14.990.332-1,Beatriz,Sandoval,Godoy,46,1550000.0
21.223.445-0,Ignacio,Carrasco,Peña,20,480000.0
17.112.887-k,Claudia,Vergara,Salinas,29,920000.0
12.998.776-4,Jorge,Henríquez,Ruiz,53,2050000.0
20.112.554-3,Matías,Cáceres,Bustos,22,550000.0
13.887.443-2,,Gallardo,Reyes,49,1800000.0
18.112.990-k,Esteban,Figueroa,Donoso,32,1120000.0
16.554.112-7,Natalia,Mena,Leiva,37,1180000.0
,Gabriel,Araya,Farías,25,720000.0
11.998.112-3,Luis,Pino,Ortiz,57,2250000.0
17.554.887-2,Fernanda,Rozas,,27,870000.0
14.221.556-9,Miauricio,Olivares,Campos,47,1680000.0
20.887.332-1,Constanza,Miranda,Villalobos,21,500000.0
15.667.443-k,Rodrigo,Loyola,Maturana,43,1420000.0
